{
  "main": {
    "id": "ebc7712c38a1a745",
    "type": "split",
    "children": [
      {
        "id": "f30c02998a8889e6",
        "type": "tabs",
        "children": [
          {
            "id": "42dc133cf8a53545",
            "type": "leaf",
            "state": {
              "type": "empty",
              "state": {}
            }
          }
        ]
      }
    ],
    "direction": "vertical"
  },
  "left": {
    "id": "4d06d1224fc8bc71",
    "type": "split",
    "children": [
      {
        "id": "6de8e422d7aceb97",
        "type": "tabs",
        "children": [
          {
            "id": "b88deaa8b1861702",
            "type": "leaf",
            "state": {
              "type": "file-explorer",
              "state": {
                "sortOrder": "alphabetical"
              }
            }
          },
          {
            "id": "7f5b48d4d5a9eeea",
            "type": "leaf",
            "state": {
              "type": "search",
              "state": {
                "query": "",
                "matchingCase": false,
                "explainSearch": false,
                "collapseAll": false,
                "extraContext": false,
                "sortOrder": "alphabetical"
              }
            }
          },
          {
            "id": "f770f1b7bb1412e2",
            "type": "leaf",
            "state": {
              "type": "starred",
              "state": {}
            }
          }
        ]
      }
    ],
    "direction": "horizontal",
    "width": 300
  },
  "right": {
    "id": "eb29bc88943ec31b",
    "type": "split",
    "children": [
      {
        "id": "94a42087f63a40f1",
        "type": "tabs",
        "children": [
          {
            "id": "41671c692fa7568a",
            "type": "leaf",
            "state": {
              "type": "backlink",
              "state": {
                "collapseAll": false,
                "extraContext": false,
                "sortOrder": "alphabetical",
                "showSearch": false,
                "searchQuery": "",
                "backlinkCollapsed": false,
                "unlinkedCollapsed": true
              }
            }
          },
          {
            "id": "c0de767ea66dd70f",
            "type": "leaf",
            "state": {
              "type": "outgoing-link",
              "state": {
                "linksCollapsed": false,
                "unlinkedCollapsed": true
              }
            }
          },
          {
            "id": "f73b5bd0f488146f",
            "type": "leaf",
            "state": {
              "type": "tag",
              "state": {
                "sortOrder": "frequency",
                "useHierarchy": true
              }
            }
          },
          {
            "id": "5ed0b8b319207f9b",
            "type": "leaf",
            "state": {
              "type": "outline",
              "state": {}
            }
          }
        ]
      }
    ],
    "direction": "horizontal",
    "width": 300,
    "collapsed": true
  },
  "left-ribbon": {
    "hiddenItems": {
      "switcher:Open quick switcher": false,
      "graph:Open graph view": false,
      "canvas:Create new canvas": false,
      "daily-notes:Open today's daily note": false,
      "templates:Insert template": false,
      "command-palette:Open command palette": false,
      "publish:Publish changes": false
    }
  },
  "active": "b88deaa8b1861702",
  "lastOpenFiles": [
    "Untitled.md",
    "Untitled 1.md"
  ]
}