{
  "main": {
    "id": "3a788f02a74715ea",
    "type": "split",
    "children": [
      {
        "id": "17b7ad724f8a714e",
        "type": "tabs",
        "children": [
          {
            "id": "90b4e45dbde4b59b",
            "type": "leaf",
            "state": {
              "type": "markdown",
              "state": {
                "file": "Bible Study App/Bible Study App.md",
                "mode": "source",
                "source": false
              }
            },
            "group": "a126858110ef9599"
          }
        ]
      },
      {
        "id": "018d99d135d75bcd",
        "type": "tabs",
        "children": [
          {
            "id": "c5d6a15cd2203829",
            "type": "leaf",
            "state": {
              "type": "localgraph",
              "state": {
                "file": "Bible Study App/Bible Study App.md",
                "options": {
                  "collapse-filter": true,
                  "search": "",
                  "localJumps": 1,
                  "localBacklinks": true,
                  "localForelinks": true,
                  "localInterlinks": false,
                  "showTags": false,
                  "showAttachments": false,
                  "hideUnresolved": false,
                  "collapse-color-groups": true,
                  "colorGroups": [],
                  "collapse-display": true,
                  "showArrow": false,
                  "textFadeMultiplier": 0,
                  "nodeSizeMultiplier": 1,
                  "lineSizeMultiplier": 1,
                  "collapse-forces": true,
                  "centerStrength": 0.518713248970312,
                  "repelStrength": 10,
                  "linkStrength": 1,
                  "linkDistance": 250,
                  "scale": 1,
                  "close": false
                }
              }
            },
            "group": "a126858110ef9599"
          }
        ]
      },
      {
        "id": "11d8cd3eeb58e9bb",
        "type": "tabs",
        "children": [
          {
            "id": "d055da6d34015051",
            "type": "leaf",
            "state": {
              "type": "localgraph",
              "state": {
                "file": "Bible Study App/Bible Study App.md",
                "options": {
                  "collapse-filter": true,
                  "search": "",
                  "localJumps": 1,
                  "localBacklinks": true,
                  "localForelinks": true,
                  "localInterlinks": false,
                  "showTags": false,
                  "showAttachments": false,
                  "hideUnresolved": false,
                  "collapse-color-groups": true,
                  "colorGroups": [],
                  "collapse-display": true,
                  "showArrow": false,
                  "textFadeMultiplier": 0,
                  "nodeSizeMultiplier": 1,
                  "lineSizeMultiplier": 1,
                  "collapse-forces": true,
                  "centerStrength": 0.518713248970312,
                  "repelStrength": 10,
                  "linkStrength": 1,
                  "linkDistance": 250,
                  "scale": 1,
                  "close": false
                }
              }
            },
            "group": "a126858110ef9599"
          }
        ]
      }
    ],
    "direction": "vertical"
  },
  "left": {
    "id": "0bc66aa261eeaf03",
    "type": "mobile-drawer",
    "children": [
      {
        "id": "f2772e76c3f20df0",
        "type": "leaf",
        "state": {
          "type": "file-explorer",
          "state": {
            "sortOrder": "alphabetical"
          }
        }
      },
      {
        "id": "8596cc593c334c98",
        "type": "leaf",
        "state": {
          "type": "search",
          "state": {
            "query": "",
            "matchingCase": false,
            "explainSearch": false,
            "collapseAll": false,
            "extraContext": false,
            "sortOrder": "alphabetical"
          }
        }
      },
      {
        "id": "011f2f2bbd7f3811",
        "type": "leaf",
        "state": {
          "type": "tag",
          "state": {
            "sortOrder": "frequency",
            "useHierarchy": true
          }
        }
      },
      {
        "id": "37f652680ba9692d",
        "type": "leaf",
        "state": {
          "type": "starred",
          "state": {}
        }
      },
      {
        "id": "61c67d9ed55d3f55",
        "type": "leaf",
        "state": {
          "type": "bookmarks",
          "state": {}
        }
      }
    ],
    "currentTab": 0
  },
  "right": {
    "id": "d94a047572827dbc",
    "type": "mobile-drawer",
    "children": [
      {
        "id": "475625ed9f054558",
        "type": "leaf",
        "state": {
          "type": "backlink",
          "state": {
            "file": "Bible Study App/Bible Study App.md",
            "collapseAll": false,
            "extraContext": false,
            "sortOrder": "alphabetical",
            "showSearch": false,
            "searchQuery": "",
            "backlinkCollapsed": false,
            "unlinkedCollapsed": true
          }
        }
      },
      {
        "id": "d052ab4f9e5d6488",
        "type": "leaf",
        "state": {
          "type": "outgoing-link",
          "state": {
            "file": "Bible Study App/Bible Study App.md",
            "linksCollapsed": false,
            "unlinkedCollapsed": true
          }
        }
      },
      {
        "id": "4cf5c60502df9241",
        "type": "leaf",
        "state": {
          "type": "outline",
          "state": {
            "file": "Bible Study App/Bible Study App.md"
          }
        }
      }
    ],
    "currentTab": 0
  },
  "left-ribbon": {
    "hiddenItems": {
      "publish:Publish changes...": false,
      "switcher:Open quick switcher": false,
      "graph:Open graph view": false,
      "canvas:Create new canvas": false,
      "daily-notes:Open today's daily note": false,
      "templates:Insert template": false,
      "command-palette:Open command palette": false,
      "obsidian-excalidraw-plugin:Create new drawing": false
    }
  },
  "active": "90b4e45dbde4b59b",
  "lastOpenFiles": [
    "Excalidraw/Drawing 2023-05-16 10.42.32.excalidraw.md",
    "Bible Study App/context.mdb",
    "Context/spacesLastSync.log",
    "Bible Study App/testing notes.md",
    "Excalidraw/Excalidraw.md",
    "Context",
    "Bible Study App/Bible Study App.md",
    "Excalidraw",
    "Untitled.canvas",
    "Untitled.md",
    "Common/SaaS for standup.md",
    "Obsidian Publish Service/Obsidian Publish Service.md",
    "Untitled 1.md",
    "Main2/Untitled.md",
    "Main2/Untitled 2.md",
    "Main2/Untitled Diagram.svg",
    "Main2/Untitled 3.md",
    "Main2/Excalidraw/Drawing 2022-12-10 19.35.45.excalidraw.md",
    "Main2/internet.md"
  ]
}