{
  "main": {
    "id": "47f2a102dca8c393",
    "type": "split",
    "children": [
      {
        "id": "3d468285f16f1aed",
        "type": "tabs",
        "children": [
          {
            "id": "f9f3921506558a21",
            "type": "leaf",
            "state": {
              "type": "empty",
              "state": {}
            }
          }
        ]
      }
    ],
    "direction": "vertical"
  },
  "left": {
    "id": "e599e7ace953c460",
    "type": "split",
    "children": [
      {
        "id": "b3d6987095d511f2",
        "type": "tabs",
        "children": [
          {
            "id": "533e36a2e561b993",
            "type": "leaf",
            "state": {
              "type": "file-explorer",
              "state": {
                "sortOrder": "alphabetical"
              }
            }
          },
          {
            "id": "88d6f126063b5052",
            "type": "leaf",
            "state": {
              "type": "search",
              "state": {
                "query": "",
                "matchingCase": false,
                "explainSearch": false,
                "collapseAll": false,
                "extraContext": false,
                "sortOrder": "alphabetical"
              }
            }
          },
          {
            "id": "a9a8e86bf4af34cd",
            "type": "leaf",
            "state": {
              "type": "bookmarks",
              "state": {}
            }
          }
        ]
      }
    ],
    "direction": "horizontal",
    "width": 300
  },
  "right": {
    "id": "a2840783859157f8",
    "type": "split",
    "children": [
      {
        "id": "8c158f89a8841d86",
        "type": "tabs",
        "children": [
          {
            "id": "af04ff24c2fc2495",
            "type": "leaf",
            "state": {
              "type": "backlink",
              "state": {
                "collapseAll": false,
                "extraContext": false,
                "sortOrder": "alphabetical",
                "showSearch": false,
                "searchQuery": "",
                "backlinkCollapsed": false,
                "unlinkedCollapsed": true
              }
            }
          },
          {
            "id": "198f36c7b1af9302",
            "type": "leaf",
            "state": {
              "type": "outgoing-link",
              "state": {
                "linksCollapsed": false,
                "unlinkedCollapsed": true
              }
            }
          },
          {
            "id": "6bdb69980e21058b",
            "type": "leaf",
            "state": {
              "type": "tag",
              "state": {
                "sortOrder": "frequency",
                "useHierarchy": true
              }
            }
          }
        ],
        "currentTab": 2
      },
      {
        "id": "b3aad0fc5ca87193",
        "type": "tabs",
        "children": [
          {
            "id": "6cbf3e7654f1020a",
            "type": "leaf",
            "state": {
              "type": "outline",
              "state": {}
            }
          }
        ]
      }
    ],
    "direction": "horizontal",
    "width": 300
  },
  "left-ribbon": {
    "hiddenItems": {
      "publish:Publish changes...": false,
      "switcher:Open quick switcher": false,
      "graph:Open graph view": false,
      "canvas:Create new canvas": false,
      "daily-notes:Open today's daily note": false,
      "templates:Insert template": false,
      "command-palette:Open command palette": false,
      "obsidian-excalidraw-plugin:Create new drawing": false
    }
  },
  "active": "f9f3921506558a21",
  "lastOpenFiles": [
    "Hananoshika Yomaru.md",
    "Bible Study App/Bible Study App.md",
    "Untitled.canvas",
    "2023-05-16.md",
    "Bible Study App/testing notes.md",
    "Excalidraw/Drawing 2023-05-16 10.42.32.excalidraw.md",
    "Bible Study App/context.mdb",
    "Excalidraw/Excalidraw.md",
    "Context/spacesLastSync.log",
    "Context",
    "Obsidian Publish Service/Obsidian Publish Service.md",
    "Obsidian Publish Service/Untitled 9a4969ab28bb4fc7905bc06d68431473.md",
    "Common/SaaS for standup.md"
  ]
}